annotation_key,activity_type,camera_id,annotation_actor_id,median_box_width_px,median_box_height_px,image_center_x_fraction,image_center_y_fraction,baseline_stored_track,yolo11n-1280-c030_hit_count,yolo11n-640-c020_hit_count,yolo11n-640-c025_hit_count,yolo11n-640-c030_hit_count,yolo11n-640-c035_hit_count,yolo11n-640-c040_hit_count,yolo11n-960-c030_hit_count,yolo11s-640-c030_hit_count,visual_review,main_failure
MEVA-G328-20180315-1555:20:0,vehicle_stops,MEVA-G328,26,47.0,32.0,0.673,0.607,False,6,0,0,0,0,0,6,6,Distant small vehicle in review frame,TOO_SMALL
MEVA-G328-20180315-1555:21:0,vehicle_starts,MEVA-G328,27,43.5,34.0,0.655,0.612,False,6,2,2,0,0,0,5,4,Distant small vehicle in review frame,TOO_SMALL
MEVA-G328-20180315-1555:35:0,vehicle_starts,MEVA-G328,41,67.0,29.0,0.669,0.616,False,3,1,0,0,0,0,3,0,Distant small vehicle in review frame,TOO_SMALL
MEVA-G328-20180315-1555:36:0,vehicle_stops,MEVA-G328,42,47.0,31.0,0.685,0.604,False,5,2,1,0,0,0,4,5,Distant small vehicle in review frame,TOO_SMALL
MEVA-G328-20180315-1555:37:0,vehicle_starts,MEVA-G328,43,41.5,34.0,0.658,0.611,False,6,0,0,0,0,0,4,6,Distant small vehicle in review frame,TOO_SMALL
MEVA-G328-20180315-1555:54:0,vehicle_stops,MEVA-G328,63,53.0,28.5,0.691,0.608,False,2,0,0,0,0,0,1,2,Distant small vehicle in review frame,TOO_SMALL
MEVA-G328-20180315-1555:55:0,vehicle_starts,MEVA-G328,64,53.0,27.0,0.676,0.611,False,2,0,0,0,0,0,3,0,Distant small vehicle in review frame,TOO_SMALL
MEVA-G328-20180315-1555:58:0,vehicle_starts,MEVA-G328,67,47.0,31.0,0.662,0.609,False,2,0,0,0,0,0,2,1,Distant small vehicle in review frame,TOO_SMALL
MEVA-G336-20180315-1555:15:0,vehicle_starts,MEVA-G336,27,52.0,34.0,0.227,0.252,False,9,0,0,0,0,0,8,5,Distant small vehicle in review frame,TOO_SMALL
MEVA-G336-20180315-1555:28:0,vehicle_stops,MEVA-G336,41,36.0,24.0,0.35,0.221,False,4,0,0,0,0,0,0,3,Distant small vehicle in review frame,TOO_SMALL
MEVA-G336-20180315-1555:29:0,vehicle_starts,MEVA-G336,42,44.5,25.0,0.362,0.219,False,10,0,0,0,0,0,3,3,Distant small vehicle in review frame,TOO_SMALL
MEVA-G336-20180315-1555:9:0,vehicle_starts,MEVA-G336,16,63.0,30.0,0.257,0.26,False,7,0,0,0,0,0,5,2,Distant small vehicle in review frame,TOO_SMALL
MEVA-G421-20180315-1555:73:0,vehicle_stops,MEVA-G421,108,206.0,96.0,0.641,0.134,False,0,0,0,0,0,0,0,0,Annotation box falls on/behind doorway glass; vehicle not discernible in reviewed frame,OTHER: NO_VISIBLE_VEHICLE_IN_REVIEWED_FRAME
MEVA-G421-20180315-1555:74:0,vehicle_starts,MEVA-G421,109,207.5,96.0,0.718,0.137,False,0,0,0,0,0,0,0,0,Annotation box falls on/behind doorway glass; vehicle not discernible in reviewed frame,OTHER: NO_VISIBLE_VEHICLE_IN_REVIEWED_FRAME
MEVA-G424-20180315-1555:1:0,vehicle_stops,MEVA-G424,2,380.0,145.0,0.362,0.665,False,0,1,0,0,0,0,1,2,Green-tinted corrupted source frame,OTHER: SOURCE_DECODE_CORRUPTION
MEVA-G424-20180315-1555:28:0,vehicle_stops,MEVA-G424,38,43.0,37.0,0.387,0.191,False,5,7,4,0,0,0,0,6,Small dark vehicle with background obstruction,LOW_CONFIDENCE
MEVA-G424-20180315-1555:29:0,vehicle_starts,MEVA-G424,40,50.0,36.0,0.393,0.187,False,3,2,1,0,0,0,3,2,Small dark vehicle with background obstruction,LOW_CONFIDENCE
MEVA-G424-20180315-1555:2:0,vehicle_starts,MEVA-G424,3,388.0,149.0,0.353,0.669,False,0,0,0,0,0,0,1,1,Green-tinted corrupted source frame,OTHER: SOURCE_DECODE_CORRUPTION
MEVA-G436-20180315-1555:13:0,vehicle_starts,MEVA-G436,21,162.0,96.0,0.869,0.44,False,2,0,0,0,0,0,0,1,Vehicle substantially hidden by tree foliage,OCCLUDED
MEVA-G436-20180315-1555:14:0,vehicle_starts,MEVA-G436,22,67.5,97.0,0.981,0.467,False,0,0,0,0,0,0,0,0,Vehicle substantially hidden by tree foliage,OCCLUDED
MEVA-G638-20180315-1555:17:0,vehicle_stops,MEVA-G638,25,64.5,144.0,0.983,0.688,False,0,0,0,0,0,0,0,0,Vehicle substantially hidden by foreground structural beam,OCCLUDED
MEVA-G638-20180315-1555:18:0,vehicle_starts,MEVA-G638,26,64.0,174.0,0.982,0.738,False,0,0,0,0,0,0,0,0,Vehicle substantially hidden by foreground structural beam,OCCLUDED
MEVA-G639-20180315-1555:27:0,vehicle_stops,MEVA-G639,33,41.0,26.0,0.873,0.297,False,1,0,0,0,0,0,0,1,Distant small vehicle in review frame,TOO_SMALL
MEVA-G639-20180315-1555:28:0,vehicle_starts,MEVA-G639,34,44.0,23.0,0.889,0.297,False,0,0,0,0,0,0,0,0,Distant small vehicle in review frame,MISSED_BY_DETECTOR
MEVA-G639-20180315-1555:33:0,vehicle_stops,MEVA-G639,39,54.0,22.0,0.568,0.281,False,2,0,0,0,0,0,1,2,Distant small vehicle in review frame,TOO_SMALL
MEVA-G639-20180315-1555:34:0,vehicle_starts,MEVA-G639,40,54.5,20.5,0.611,0.282,False,4,0,0,0,0,0,4,2,Distant small vehicle in review frame,TOO_SMALL
