annotation_key,activity_type,camera_id,annotation_actor_id,sampled_frames,median_box_width_px,median_box_height_px,median_image_fraction,image_center_x_fraction,image_center_y_fraction,baseline_hits,best_overlap_configuration,best_overlap_class,best_overlap_confidence,best_overlap_iou,any_production_supported_class,visual_review,main_failure,roi_overlap_class,roi_overlap_confidence,roi_overlap_iou
MEVA-G331-20180315-1555:0:0,person_puts_down_object,MEVA-G331,2,2,77.0,89.5,0.0033237,0.971,0.533,0,,,,,False,Visible item on table/hand; class ambiguous from this frame,ROI yields skateboard overlap; no production-supported portable-class track/event verified,skateboard,0.4874,0.5317
MEVA-G421-20180315-1555:13:0,person_picks_up_object,MEVA-G421,19,2,26.0,38.0,0.0004805,0.433,0.358,0,,,,,False,Small cup/can-like item in or near hand; partly covered by hand,ROI yields cup overlap; no production-supported portable-class track/event verified,cup,0.3666,0.5607
MEVA-G421-20180315-1555:14:0,person_puts_down_object,MEVA-G421,20,2,28.0,42.0,0.0005714,0.43,0.338,0,,,,,False,Small cup/can-like item in or near hand; partly covered by hand,ROI yields cup overlap; no production-supported portable-class track/event verified,cup,0.5716,0.5407
MEVA-G421-20180315-1555:15:0,person_picks_up_object,MEVA-G421,22,2,26.0,36.0,0.0004548,0.428,0.341,0,,,,,False,Small cup/can-like item in or near hand; partly covered by hand,ROI yields cup overlap; no production-supported portable-class track/event verified,cup,0.7739,0.5742
MEVA-G421-20180315-1555:16:0,person_puts_down_object,MEVA-G421,25,2,23.5,35.5,0.0004054,0.428,0.336,0,,,,,False,Small cup/can-like item in or near hand; partly covered by hand,ROI yields cup overlap; no production-supported portable-class track/event verified,cup,0.488,0.7161
MEVA-G421-20180315-1555:17:0,person_picks_up_object,MEVA-G421,27,2,24.0,34.0,0.0003965,0.431,0.344,0,,,,,False,Small cup/can-like item in or near hand; partly covered by hand,ROI yields cup overlap; no production-supported portable-class track/event verified,cup,0.4862,0.6043
MEVA-G421-20180315-1555:18:0,person_puts_down_object,MEVA-G421,28,2,25.0,35.0,0.0004251,0.432,0.337,0,,,,,False,Small cup/can-like item in or near hand; partly covered by hand,ROI yields cup overlap; no production-supported portable-class track/event verified,cup,0.6792,0.6497
MEVA-G421-20180315-1555:19:0,person_picks_up_object,MEVA-G421,31,2,26.0,38.5,0.0004863,0.433,0.366,0,,,,,False,Small cup/can-like item in or near hand; partly covered by hand,ROI yields cup overlap; no production-supported portable-class track/event verified,cup,0.363,0.5012
MEVA-G421-20180315-1555:20:0,person_puts_down_object,MEVA-G421,32,2,24.0,36.0,0.0004198,0.431,0.337,0,,,,,False,Small cup/can-like item in or near hand; partly covered by hand,ROI yields cup overlap; no production-supported portable-class track/event verified,cup,0.6236,0.6393
MEVA-G421-20180315-1555:21:0,person_picks_up_object,MEVA-G421,35,2,24.0,34.5,0.0004023,0.429,0.347,0,,,,,False,Small cup/can-like item in or near hand; partly covered by hand,ROI yields cup overlap; no production-supported portable-class track/event verified,cup,0.3865,0.7272
MEVA-G421-20180315-1555:22:0,person_puts_down_object,MEVA-G421,36,2,25.0,35.0,0.0004251,0.424,0.327,0,yolo11n-1280-c030,laptop,0.3455,0.2211,False,Small cup/can-like item in or near hand; partly covered by hand,ROI yields cup overlap; no production-supported portable-class track/event verified,cup,0.5182,0.6533
MEVA-G421-20180315-1555:23:0,person_picks_up_object,MEVA-G421,39,2,23.5,33.0,0.0003797,0.434,0.369,0,,,,,False,Small cup/can-like item in or near hand; partly covered by hand,No supported portable-class box across tested full-frame configurations,,,
MEVA-G421-20180315-1555:34:0,person_puts_down_object,MEVA-G421,51,2,55.0,45.5,0.0012098,0.147,0.307,0,,,,,False,Dark item against clothing/furniture; partly occluded; exact class ambiguous,ROI yields chair overlap; no production-supported portable-class track/event verified,chair,0.3038,0.1488
MEVA-G421-20180315-1555:35:0,person_picks_up_object,MEVA-G421,52,2,46.0,49.0,0.0010912,0.143,0.331,0,,,,,False,Dark item against clothing/furniture; partly occluded; exact class ambiguous,ROI yields chair overlap; no production-supported portable-class track/event verified,chair,0.3839,0.2404
MEVA-G421-20180315-1555:36:0,person_puts_down_object,MEVA-G421,55,2,56.0,45.0,0.0012234,0.167,0.305,0,,,,,False,Dark item against clothing/furniture; partly occluded; exact class ambiguous,No supported portable-class box across tested full-frame configurations,,,
MEVA-G421-20180315-1555:38:0,person_picks_up_object,MEVA-G421,58,1,62.0,30.0,0.0009037,0.177,0.314,0,,,,,False,Dark item against clothing/furniture; partly occluded; exact class ambiguous,No supported portable-class box across tested full-frame configurations,,,
MEVA-G421-20180315-1555:39:0,person_puts_down_object,MEVA-G421,59,1,63.0,34.0,0.0010407,0.162,0.306,0,,,,,False,Dark item against clothing/furniture; partly occluded; exact class ambiguous,No supported portable-class box across tested full-frame configurations,,,
MEVA-G421-20180315-1555:43:0,person_puts_down_object,MEVA-G421,65,2,22.0,36.0,0.0003848,0.248,0.274,0,,,,,False,Small bright bottle/cup-like item near hand/table; exact class uncertain,No supported portable-class box across tested full-frame configurations,,,
MEVA-G421-20180315-1555:49:0,person_puts_down_object,MEVA-G421,73,2,19.0,26.5,0.0002454,0.28,0.29,0,,,,,False,Small bright bottle/cup-like item near hand/table; exact class uncertain,ROI yields cup overlap; no production-supported portable-class track/event verified,cup,0.3465,0.6857
MEVA-G421-20180315-1555:4:0,person_picks_up_object,MEVA-G421,8,2,29.5,38.0,0.0005446,0.184,0.428,0,,,,,False,Small cup/can-like item in or near hand; partly covered by hand,ROI yields cell phone overlap; no production-supported portable-class track/event verified,cell phone,0.3891,0.4916
MEVA-G421-20180315-1555:58:0,person_picks_up_object,MEVA-G421,85,1,91.0,79.0,0.0034928,0.052,0.961,0,,,,,False,Low-contrast item near counter/table; exact class ambiguous,No supported portable-class box across tested full-frame configurations,,,
MEVA-G421-20180315-1555:59:0,person_puts_down_object,MEVA-G421,86,2,85.0,60.0,0.0024812,0.048,0.882,0,,,,,False,Low-contrast item near counter/table; exact class ambiguous,No supported portable-class box across tested full-frame configurations,,,
MEVA-G421-20180315-1555:5:0,person_picks_up_object,MEVA-G421,9,2,30.0,38.0,0.0005539,0.192,0.448,0,,,,,False,Small cup/can-like item in or near hand; partly covered by hand,No supported portable-class box across tested full-frame configurations,,,
MEVA-G421-20180315-1555:60:0,person_picks_up_object,MEVA-G421,89,2,58.0,85.0,0.0023953,0.036,0.719,0,,,,,False,Low-contrast item near counter/table; exact class ambiguous,No supported portable-class box across tested full-frame configurations,,,
MEVA-G421-20180315-1555:64:0,person_puts_down_object,MEVA-G421,95,2,24.5,40.5,0.0004846,0.994,0.334,0,,,,,False,Small handheld item at bright window; partial/low contrast,No supported portable-class box across tested full-frame configurations,,,
MEVA-G421-20180315-1555:65:0,person_picks_up_object,MEVA-G421,96,1,25.0,37.0,0.0004494,0.989,0.333,0,,,,,False,Small handheld item at bright window; partial/low contrast,No supported portable-class box across tested full-frame configurations,,,
MEVA-G421-20180315-1555:67:0,person_puts_down_object,MEVA-G421,100,1,25.0,36.0,0.0004373,0.987,0.332,0,,,,,False,Small handheld item at bright window; partial/low contrast,No supported portable-class box across tested full-frame configurations,,,
MEVA-G421-20180315-1555:68:0,person_picks_up_object,MEVA-G421,101,1,24.0,33.0,0.0003848,0.984,0.325,0,,,,,False,Small handheld item at bright window; partial/low contrast,No supported portable-class box across tested full-frame configurations,,,
MEVA-G421-20180315-1555:70:0,person_puts_down_object,MEVA-G421,105,1,23.0,34.0,0.0003799,0.976,0.322,0,,,,,False,Small handheld item at bright window; partial/low contrast,No supported portable-class box across tested full-frame configurations,,,
MEVA-G638-20180315-1555:15:0,person_picks_up_object,MEVA-G638,22,1,21.0,25.0,0.0002551,0.362,0.871,0,,,,,False,Small bright item near person; distant and partly occluded,No supported portable-class box across tested full-frame configurations,,,
