run,video,camera,annotation_id,track_id,matched_event_id,activity,gt_start,gt_end,track_start,track_end,track_duration,median_speed,max_speed,speed_before,speed_after,speed_event_first_half,speed_event_second_half,max_acceleration,max_deceleration,stationary_before,stationary_after,longest_gap,sample_count,samples_during_activity,mean_confidence,confidence_source,current_rule_result,failure_reason
improved-2fps,MEVA-G424-20180315-1555,MEVA-G424,4,TRK-B25700125A1A,EVT-9731D9653389,vehicle_starts,14.3333,16.6667,8.5,17.0,8.5,0.0401,0.7292,0.0142,0.4176,0.1538,0.4176,1.4317,-1.0702,2.833,0,0.5,18,5,0.7691922618283166,track_mean,"[{""kind"":""started_moving"",""start"":10.0,""end"":11.0},{""kind"":""stopped"",""start"":10.0,""end"":11.5},{""kind"":""started_moving"",""start"":14.5,""end"":16.0}]",MATCHED
improved-2fps,MEVA-G424-20180315-1555,MEVA-G424,6,TRK-2FD50FE4D693,,vehicle_starts,21.8,24.4333,17.0,24.5,7.5,1.0963,1.6272,0.6867,0.9145,1.2866,1.3735,0.6811,-1.0148,0,0,0.5,16,5,0.7990596145391464,track_mean,[],NO_STATIONARY_PRECEDING_START
improved-2fps,MEVA-G424-20180315-1555,MEVA-G424,6,TRK-3FC75E6B94DF,,vehicle_starts,21.8,24.4333,10.5,300.0,289.5,0.0086,0.0503,0.0086,0.0193,0.0193,0.0348,0.0762,-0.0762,4.0,4.0,1.0,575,4,0.6377202684982963,track_mean,[],NO_SUSTAINED_MOVEMENT
improved-2fps,MEVA-G424-20180315-1555,MEVA-G424,10,TRK-C23AEFDCF7BB,,vehicle_starts,35.0333,38.2667,10.5,40.5,30.0,0.0173,0.8734,0.3684,0.7974,0.5276,0.8081,0.5703,-0.4067,0,0,0.5,61,6,0.8829655285741462,track_mean,"[{""kind"":""started_moving"",""start"":26.5,""end"":31.5},{""kind"":""started_moving"",""start"":30.0,""end"":31.5}]",TEMPORAL_WINDOW_MISMATCH
improved-2fps,MEVA-G424-20180315-1555,MEVA-G424,17,TRK-3FBD1FD362BC,,vehicle_starts,85.0,89.9,10.5,108.0,97.5,0.0179,1.2532,0.0,0.1417,0.0644,0.0399,0.3095,-0.5778,4.0,0.1,0.5,196,10,0.564925496371425,track_mean,"[{""kind"":""started_moving"",""start"":90.0,""end"":93.0}]",EVENT_BOUNDARY_OR_SPATIAL_MISMATCH
improved-2fps,MEVA-G424-20180315-1555,MEVA-G424,41,TRK-8A046C9F1C3A,,vehicle_starts,104.4667,106.8,102.5,110.5,8.0,0.6255,0.9801,0.375,0.9532,0.4809,0.7129,0.374,-0.5497,0,0,0.5,17,5,0.54972004013903,track_mean,[],NO_STATIONARY_PRECEDING_START
improved-2fps,MEVA-G424-20180315-1555,MEVA-G424,5,TRK-2FD50FE4D693,,vehicle_stops,18.5333,21.7333,17.0,24.5,7.5,1.0963,1.6272,1.3111,1.4569,1.0649,0.6746,0.6811,-1.0148,0,0,0.5,16,6,0.7990596145391464,track_mean,[],NO_STATIONARY_AFTER_STOP
improved-2fps,MEVA-G424-20180315-1555,MEVA-G424,11,TRK-E13EB0630E0C,EVT-D17510266DDB,vehicle_stops,165.6,168.0,164.0,300.0,136.0,0.0048,1.1589,1.1455,0.0316,0.6607,0.332,0.107,-0.4209,0,4.0,0.5,273,5,0.8366719405729692,track_mean,"[{""kind"":""stopped"",""start"":164.0,""end"":168.0}]",MATCHED
improved-2fps,MEVA-G424-20180315-1555,MEVA-G424,12,TRK-E6E647D52E95,EVT-D16BBB11FA2A,vehicle_stops,208.7333,211.4333,208.5,300.0,91.5,0.0045,0.9042,,0.0682,0.8803,0.4758,0.0909,-0.4263,0,3.933,1.0,181,5,0.6941552190161542,track_mean,"[{""kind"":""stopped"",""start"":208.5,""end"":211.5}]",MATCHED
improved-2fps,MEVA-G424-20180315-1555,MEVA-G424,12,TRK-E13EB0630E0C,,vehicle_stops,208.7333,211.4333,164.0,300.0,136.0,0.0048,1.1589,0.0,0.0349,0.0216,0.126,0.107,-0.4209,4.0,4.0,0.5,273,5,0.8366719405729692,track_mean,"[{""kind"":""stopped"",""start"":164.0,""end"":168.0}]",TEMPORAL_WINDOW_MISMATCH
improved-2fps,MEVA-G424-20180315-1555,MEVA-G424,40,TRK-8A046C9F1C3A,,vehicle_stops,101.5667,104.4,102.5,110.5,8.0,0.6255,0.9801,,0.5032,,0.375,0.374,-0.5497,0,0,0.5,17,4,0.54972004013903,track_mean,[],NO_STATIONARY_AFTER_STOP
improved-2fps,MEVA-G328-20180315-1555,MEVA-G328,1,TRK-622969B93710,,vehicle_starts,2.4333,4.1333,0.0,24.5,24.5,0.5266,3.352,0.5012,0.8362,0.1589,0.6151,1.535,-1.8587,0,1.633,0.5,50,4,0.6800612384080886,track_mean,"[{""kind"":""stopped"",""start"":4.0,""end"":6.5},{""kind"":""started_moving"",""start"":14.0,""end"":16.0}]",TEMPORAL_WINDOW_MISMATCH
improved-2fps,MEVA-G328-20180315-1555,MEVA-G328,4,TRK-2DDA9BB96FBC,,vehicle_starts,20.6333,22.6667,17.0,25.5,8.5,0.849,1.3456,0.758,1.2268,0.6811,1.1217,0.6682,-0.5069,0,0,0.5,18,4,0.6847962107923296,track_mean,[],NO_STATIONARY_PRECEDING_START
improved-2fps,MEVA-G328-20180315-1555,MEVA-G328,4,TRK-CE443E760A2F,,vehicle_starts,20.6333,22.6667,15.0,116.0,101.0,0.0239,0.101,0.0362,0.0488,0.0443,0.0533,0.0792,-0.0856,4.0,4.0,1.5,196,3,0.46971533097782914,track_mean,[],NO_SUSTAINED_MOVEMENT
improved-2fps,MEVA-G328-20180315-1555,MEVA-G328,8,TRK-9CEDB9EB3A88,,vehicle_starts,34.1,37.0333,0.0,37.0,37.0,0.017,1.0953,0.4243,,0.18,1.0302,0.6218,-0.2488,0,0,0.5,75,6,0.689583637714386,track_mean,"[{""kind"":""started_moving"",""start"":30.0,""end"":32.0}]",TEMPORAL_WINDOW_MISMATCH
improved-2fps,MEVA-G328-20180315-1555,MEVA-G328,14,TRK-E1AEC78D7D7B,,vehicle_starts,48.5667,51.4,3.5,57.5,54.0,0.0152,1.4119,0.2947,1.2852,0.1698,0.701,0.7135,-0.3891,0.433,0,1.0,105,5,0.5653965248948052,track_mean,"[{""kind"":""started_moving"",""start"":45.0,""end"":47.5}]",EVENT_BOUNDARY_OR_SPATIAL_MISMATCH
improved-2fps,MEVA-G328-20180315-1555,MEVA-G328,26,TRK-8DEF795AF69A,,vehicle_starts,110.1667,112.9333,109.5,115.5,6.0,0.7211,0.9235,0.287,0.8223,0.3688,0.545,0.7047,-0.2449,0,0,0.5,13,5,0.5352922242421371,track_mean,[],NO_STATIONARY_PRECEDING_START
improved-2fps,MEVA-G328-20180315-1555,MEVA-G328,32,TRK-D78051AF764E,EVT-FB7F23E66BFB,vehicle_starts,18.1667,21.7,6.5,22.0,15.5,0.24,0.827,0.0422,0.827,0.0534,0.5984,0.5819,-0.3454,4.0,0,1.5,29,7,0.5267123785512201,track_mean,"[{""kind"":""stopped"",""start"":12.0,""end"":14.0},{""kind"":""started_moving"",""start"":19.0,""end"":20.0}]",MATCHED
improved-2fps,MEVA-G328-20180315-1555,MEVA-G328,50,TRK-622969B93710,EVT-F00F2DA1BCB4,vehicle_starts,12.4333,16.4667,0.0,24.5,24.5,0.5266,3.352,0.0248,1.5312,0.0299,0.4222,1.535,-1.8587,4.0,0,0.5,50,8,0.6800612384080886,track_mean,"[{""kind"":""stopped"",""start"":4.0,""end"":6.5},{""kind"":""started_moving"",""start"":14.0,""end"":16.0}]",MATCHED
improved-2fps,MEVA-G328-20180315-1555,MEVA-G328,50,TRK-CE443E760A2F,,vehicle_starts,12.4333,16.4667,15.0,116.0,101.0,0.0239,0.101,,0.0818,,0.049,0.0792,-0.0856,0,4.0,1.5,196,3,0.46971533097782914,track_mean,[],NO_STATIONARY_PRECEDING_START
improved-2fps,MEVA-G328-20180315-1555,MEVA-G328,0,TRK-622969B93710,,vehicle_stops,0.0,2.1667,0.0,24.5,24.5,0.5266,3.352,,0.317,0.5251,0.3889,1.535,-1.8587,0,0,0.5,50,5,0.6800612384080886,track_mean,"[{""kind"":""stopped"",""start"":4.0,""end"":6.5},{""kind"":""started_moving"",""start"":14.0,""end"":16.0}]",EVENT_BOUNDARY_OR_SPATIAL_MISMATCH
improved-2fps,MEVA-G328-20180315-1555,MEVA-G328,2,TRK-622969B93710,EVT-DCD3584F5168,vehicle_stops,4.2,6.8,0.0,24.5,24.5,0.5266,3.352,0.317,0.0175,0.845,0.4838,1.535,-1.8587,0,4.0,0.5,50,5,0.6800612384080886,track_mean,"[{""kind"":""stopped"",""start"":4.0,""end"":6.5},{""kind"":""started_moving"",""start"":14.0,""end"":16.0}]",MATCHED
improved-2fps,MEVA-G328-20180315-1555,MEVA-G328,2,TRK-74FA08FDFBAA,,vehicle_stops,4.2,6.8,0.0,6.0,6.0,0.0319,0.1153,0.0213,,0.1064,0.1153,0.1176,-0.0426,4.0,0,1.5,11,2,0.474223792552948,track_mean,[],NO_STATIONARY_AFTER_STOP
improved-2fps,MEVA-G328-20180315-1555,MEVA-G328,3,TRK-2DDA9BB96FBC,,vehicle_stops,17.9,20.6,17.0,25.5,8.5,0.849,1.3456,0.6836,0.8641,1.0316,0.6669,0.6682,-0.5069,0,0,0.5,18,6,0.6847962107923296,track_mean,[],NO_STATIONARY_AFTER_STOP
improved-2fps,MEVA-G328-20180315-1555,MEVA-G328,25,TRK-8DEF795AF69A,,vehicle_stops,107.7667,110.0667,109.5,115.5,6.0,0.7211,0.9235,,0.3688,,0.287,0.7047,-0.2449,0,0,0.5,13,2,0.5352922242421371,track_mean,[],NO_STATIONARY_AFTER_STOP
improved-2fps,MEVA-G328-20180315-1555,MEVA-G328,31,TRK-D78051AF764E,EVT-A8FFF3910C52,vehicle_stops,10.9333,13.9333,6.5,22.0,15.5,0.24,0.827,0.2319,0.0472,0.4121,0.5035,0.5819,-0.3454,0.567,3.933,1.5,29,6,0.5267123785512201,track_mean,"[{""kind"":""stopped"",""start"":12.0,""end"":14.0},{""kind"":""started_moving"",""start"":19.0,""end"":20.0}]",MATCHED
improved-2fps,MEVA-G328-20180315-1555,MEVA-G328,40,TRK-48B859F01B8F,,vehicle_stops,207.0667,211.2333,198.0,300.0,102.0,0.0091,0.3091,0.2247,0.0201,0.2701,0.1364,0.1803,-0.1987,0,4.0,1.0,202,8,0.550884018587594,track_mean,"[{""kind"":""started_moving"",""start"":201.0,""end"":204.0}]",MOVEMENT_TOO_SLOW_OR_UNOBSERVED
improved-2fps,MEVA-G328-20180315-1555,MEVA-G328,49,TRK-FC5D3F3AA1EE,EVT-481169487F6F,vehicle_stops,164.1667,167.5,163.0,168.0,5.0,0.269,0.4283,0.4204,0.2114,0.3814,0.1197,0.1833,-0.2445,0,0,0.5,11,7,0.6562882282517173,track_mean,"[{""kind"":""stopped"",""start"":163.0,""end"":166.0}]",MATCHED
improved-2fps,MEVA-G436-20180315-1555,MEVA-G436,11,TRK-38CA2E628CCC,,vehicle_stops,94.8667,99.8333,69.5,101.5,32.0,0.5145,0.7126,0.6841,0.4489,0.4689,0.3379,0.2991,-0.2679,0,0,0.5,65,10,0.6567151170510512,track_mean,[],NO_STATIONARY_AFTER_STOP
improved-2fps,MEVA-G436-20180315-1555,MEVA-G436,25,TRK-DD8A37259117,,vehicle_stops,133.8,138.7667,127.5,134.5,7.0,1.0806,1.6072,0.87,,0.4374,,0.3701,-0.8436,0,0,1.0,13,2,0.5118070405263168,track_mean,[],NO_STATIONARY_AFTER_STOP
perception-yolo11s-640-c030,MEVA-G336-20180315-1555,MEVA-G336,15,TRK-07A442F055F7,,vehicle_starts,85.8667,90.2,88.5,97.0,8.5,0.6592,1.1284,,0.4693,,0.221,0.4364,0.0,0,0,0.5,18,4,0.5168868319855796,track_mean,[],NO_STATIONARY_PRECEDING_START
perception-yolo11s-640-c030,MEVA-G336-20180315-1555,MEVA-G336,15,TRK-CD833D65B866,,vehicle_starts,85.8667,90.2,66.5,86.0,19.5,0.037,0.0524,0.037,,0.0524,,0.1048,-0.0741,4.0,0,1.5,34,1,0.4132264335365856,track_mean,[],NO_SUSTAINED_MOVEMENT
perception-yolo11s-640-c030,MEVA-G336-20180315-1555,MEVA-G336,29,TRK-D7BCDE5BF6D8,,vehicle_starts,80.8,85.6333,79.0,81.5,2.5,0.1957,0.2065,0.1799,,0.2065,,0.0631,0.0109,0,0,1.0,4,1,0.39202018827199936,track_mean,[],INSUFFICIENT_TRACK_DURATION
perception-yolo11s-640-c030,MEVA-G336-20180315-1555,MEVA-G336,28,TRK-D7BCDE5BF6D8,,vehicle_stops,76.6333,80.2667,79.0,81.5,2.5,0.1957,0.2065,,0.2011,,0.1641,0.0631,0.0109,0,0,1.0,4,2,0.39202018827199936,track_mean,[],INSUFFICIENT_TRACK_DURATION
perception-yolo11s-640-c030,MEVA-G424-20180315-1555,MEVA-G424,2,TRK-2D5042AF7510,,vehicle_starts,2.6667,5.2,2.0,4.0,2.0,0.1217,0.1217,0.1217,,,0.1217,0.0,0.0,0,0,1.5,3,1,0.5781682332356771,track_mean,[],INSUFFICIENT_TRACK_DURATION
perception-yolo11s-640-c030,MEVA-G424-20180315-1555,MEVA-G424,4,TRK-28C6E760A0C2,EVT-AF8504372DC7,vehicle_starts,14.3333,16.6667,6.5,17.5,11.0,0.0182,0.631,0.0068,0.5807,0.1486,0.631,0.5291,-0.1524,4.0,0,0.5,23,5,0.862641780272774,track_mean,"[{""kind"":""started_moving"",""start"":14.5,""end"":16.0}]",MATCHED
perception-yolo11s-640-c030,MEVA-G424-20180315-1555,MEVA-G424,6,TRK-45AD8CABC71D,,vehicle_starts,21.8,24.4333,16.0,24.5,8.5,1.1408,1.6178,0.7061,0.9731,1.292,1.4465,0.6516,-0.6854,0,0,0.5,18,5,0.9008873237503899,track_mean,[],NO_STATIONARY_PRECEDING_START
perception-yolo11s-640-c030,MEVA-G424-20180315-1555,MEVA-G424,6,TRK-0053DA9EBE25,,vehicle_starts,21.8,24.4333,18.0,300.0,282.0,0.0,0.3245,0.0086,0.0111,0.0086,0.0283,0.6218,-0.5405,3.8,4.0,0.5,565,5,0.6734859963961407,track_mean,[],NO_SUSTAINED_MOVEMENT
perception-yolo11s-640-c030,MEVA-G424-20180315-1555,MEVA-G424,6,TRK-D872AE947333,,vehicle_starts,21.8,24.4333,10.5,24.5,14.0,0.013,0.0308,0.0205,0.0308,0.013,0.0168,0.0367,-0.0259,4.0,0.067,1.0,28,5,0.7570197241646903,track_mean,[],NO_SUSTAINED_MOVEMENT
perception-yolo11s-640-c030,MEVA-G424-20180315-1555,MEVA-G424,10,TRK-E9CD5785855B,,vehicle_starts,35.0333,38.2667,10.5,42.5,32.0,0.0339,1.2394,0.3759,0.8123,0.5466,0.8405,0.6075,-0.419,0,0,0.5,65,6,0.9000043043723474,track_mean,"[{""kind"":""started_moving"",""start"":26.5,""end"":31.5},{""kind"":""started_moving"",""start"":30.0,""end"":31.5}]",TEMPORAL_WINDOW_MISMATCH
perception-yolo11s-640-c030,MEVA-G424-20180315-1555,MEVA-G424,17,TRK-0DCA9F93005C,,vehicle_starts,85.0,89.9,12.0,108.5,96.5,0.018,1.2444,0.0255,0.1171,0.0901,0.0721,0.3621,-0.9754,4.0,0.6,1.5,186,10,0.5174273845329079,track_mean,"[{""kind"":""started_moving"",""start"":90.5,""end"":93.0}]",EVENT_BOUNDARY_OR_SPATIAL_MISMATCH
perception-yolo11s-640-c030,MEVA-G424-20180315-1555,MEVA-G424,29,TRK-79D5939A6487,,vehicle_starts,83.6333,85.3667,80.5,85.5,5.0,0.0698,0.2646,0.0542,0.2646,0.1577,0.1577,0.214,-0.016,2.5,0,1.5,8,2,0.40293383598327637,track_mean,[],NO_SUSTAINED_MOVEMENT
perception-yolo11s-640-c030,MEVA-G424-20180315-1555,MEVA-G424,31,TRK-EDDD5616EBF0,,vehicle_starts,87.5,89.3,87.5,91.0,3.5,0.2559,0.4769,,0.2908,0.3491,0.1934,0.2525,-0.2501,0,0,0.5,8,4,0.5468158982694149,track_mean,[],NO_STATIONARY_PRECEDING_START
perception-yolo11s-640-c030,MEVA-G424-20180315-1555,MEVA-G424,41,TRK-00BEA80B27C9,,vehicle_starts,104.4667,106.8,89.5,110.0,20.5,1.4234,1.9371,0.3274,0.8857,0.375,0.6516,0.3614,-0.6109,0,0,0.5,42,5,0.6562650757176536,track_mean,[],NO_STATIONARY_PRECEDING_START
perception-yolo11s-640-c030,MEVA-G424-20180315-1555,MEVA-G424,1,TRK-2D5042AF7510,,vehicle_stops,1.6,2.6,2.0,4.0,2.0,0.1217,0.1217,,0.1217,,0.1217,0.0,0.0,0,0,1.5,3,2,0.5781682332356771,track_mean,[],INSUFFICIENT_TRACK_DURATION
perception-yolo11s-640-c030,MEVA-G424-20180315-1555,MEVA-G424,3,TRK-28C6E760A0C2,,vehicle_stops,5.2667,7.1,6.5,17.5,11.0,0.0182,0.631,,0.0291,,0.1532,0.5291,-0.1524,0,4.0,0.5,23,2,0.862641780272774,track_mean,"[{""kind"":""started_moving"",""start"":14.5,""end"":16.0}]",MOVEMENT_TOO_SLOW_OR_UNOBSERVED
perception-yolo11s-640-c030,MEVA-G424-20180315-1555,MEVA-G424,5,TRK-45AD8CABC71D,,vehicle_stops,18.5333,21.7333,16.0,24.5,8.5,1.1408,1.6178,1.2563,1.4549,1.0131,0.7019,0.6516,-0.6854,0,0,0.5,18,6,0.9008873237503899,track_mean,[],NO_STATIONARY_AFTER_STOP
perception-yolo11s-640-c030,MEVA-G424-20180315-1555,MEVA-G424,11,TRK-F1F92E2ADEF5,EVT-A8C8101A289E,vehicle_stops,165.6,168.0,164.5,300.0,135.5,0.005,0.993,0.9889,0.0232,0.7008,0.3606,0.1373,-0.4068,0,4.0,0.5,272,5,0.9164360316798967,track_mean,"[{""kind"":""stopped"",""start"":164.5,""end"":168.0}]",MATCHED
perception-yolo11s-640-c030,MEVA-G424-20180315-1555,MEVA-G424,12,TRK-409B14FA950E,EVT-CE8ED86C13DF,vehicle_stops,208.7333,211.4333,208.5,300.0,91.5,0.0046,0.9104,,0.0648,0.8987,0.4783,0.0718,-0.4503,0,3.933,0.5,184,5,0.8392534366120463,track_mean,"[{""kind"":""stopped"",""start"":208.5,""end"":211.5}]",MATCHED
perception-yolo11s-640-c030,MEVA-G424-20180315-1555,MEVA-G424,12,TRK-F1F92E2ADEF5,,vehicle_stops,208.7333,211.4333,164.5,300.0,135.5,0.005,0.993,0.0,0.0322,0.0157,0.1239,0.1373,-0.4068,4.0,4.0,0.5,272,5,0.9164360316798967,track_mean,"[{""kind"":""stopped"",""start"":164.5,""end"":168.0}]",TEMPORAL_WINDOW_MISMATCH
perception-yolo11s-640-c030,MEVA-G424-20180315-1555,MEVA-G424,28,TRK-79D5939A6487,,vehicle_stops,78.6333,83.5667,80.5,85.5,5.0,0.0698,0.2646,,0.1577,0.0274,0.0548,0.214,-0.016,0,0,1.5,8,5,0.40293383598327637,track_mean,[],NO_STATIONARY_AFTER_STOP
perception-yolo11s-640-c030,MEVA-G424-20180315-1555,MEVA-G424,30,TRK-79D5939A6487,,vehicle_stops,85.4333,87.4333,80.5,85.5,5.0,0.0698,0.2646,0.1577,,0.2646,,0.214,-0.016,1.567,0,1.5,8,1,0.40293383598327637,track_mean,[],NO_STATIONARY_AFTER_STOP
perception-yolo11s-640-c030,MEVA-G424-20180315-1555,MEVA-G424,40,TRK-00BEA80B27C9,,vehicle_stops,101.5667,104.4,89.5,110.0,20.5,1.4234,1.9371,1.2824,0.3997,0.6999,0.3059,0.3614,-0.6109,0,0,0.5,42,5,0.6562650757176536,track_mean,[],NO_STATIONARY_AFTER_STOP
perception-yolo11s-640-c030,MEVA-G328-20180315-1555,MEVA-G328,1,TRK-E1348602105F,,vehicle_starts,2.4333,4.1333,0.0,24.5,24.5,0.5713,3.3876,0.5021,0.8346,0.2456,0.5369,1.6407,-1.9295,0,1.633,0.5,50,4,0.8034888243675232,track_mean,"[{""kind"":""stopped"",""start"":4.0,""end"":6.5},{""kind"":""started_moving"",""start"":14.0,""end"":16.0}]",TEMPORAL_WINDOW_MISMATCH
perception-yolo11s-640-c030,MEVA-G328-20180315-1555,MEVA-G328,4,TRK-966C486FC3BC,,vehicle_starts,20.6333,22.6667,17.0,25.5,8.5,0.8706,1.3488,0.779,1.2591,0.7169,1.1066,0.7409,-0.3801,0,0,0.5,18,4,0.795381979809867,track_mean,[],NO_STATIONARY_PRECEDING_START
perception-yolo11s-640-c030,MEVA-G328-20180315-1555,MEVA-G328,4,TRK-8C008DEF15AB,,vehicle_starts,20.6333,22.6667,0.0,300.0,300.0,0.0204,0.1882,0.0816,0.1119,0.0204,0.1764,0.2883,-0.1897,3.5,3.167,1.5,599,4,0.6324322792345375,track_mean,[],NO_SUSTAINED_MOVEMENT
perception-yolo11s-640-c030,MEVA-G328-20180315-1555,MEVA-G328,8,TRK-5F5EB1C6975B,,vehicle_starts,34.1,37.0333,0.0,39.5,39.5,0.014,1.2198,0.4104,1.2137,0.1785,0.9901,0.6148,-0.3007,0.4,0,0.5,80,6,0.8089443057775497,track_mean,"[{""kind"":""started_moving"",""start"":30.5,""end"":32.0}]",TEMPORAL_WINDOW_MISMATCH
perception-yolo11s-640-c030,MEVA-G328-20180315-1555,MEVA-G328,14,TRK-64CE9ADD0F30,,vehicle_starts,48.5667,51.4,0.0,58.0,58.0,0.011,1.4093,0.2994,1.2584,0.1932,0.6954,0.4636,-0.3078,0.433,0,0.5,117,5,0.8079388885416536,track_mean,"[{""kind"":""started_moving"",""start"":45.0,""end"":47.5}]",EVENT_BOUNDARY_OR_SPATIAL_MISMATCH
perception-yolo11s-640-c030,MEVA-G328-20180315-1555,MEVA-G328,21,TRK-D92E896F0F38,,vehicle_starts,44.1,47.2333,42.0,62.0,20.0,0.2443,2.1443,0.2249,0.1552,0.2437,0.2124,0.9195,-0.2671,0,0.5,1.5,39,4,0.6551408462035351,track_mean,[],NO_STATIONARY_PRECEDING_START
perception-yolo11s-640-c030,MEVA-G328-20180315-1555,MEVA-G328,26,TRK-40BF78BB258D,,vehicle_starts,110.1667,112.9333,111.5,116.0,4.5,0.8886,0.9779,,0.9773,,0.8188,0.2791,-0.1785,0,0,0.5,10,3,0.5252055346965789,track_mean,[],NO_STATIONARY_PRECEDING_START
perception-yolo11s-640-c030,MEVA-G328-20180315-1555,MEVA-G328,32,TRK-3A5C90E01957,EVT-14D3398DB754,vehicle_starts,18.1667,21.7,1.0,28.5,27.5,0.2193,3.3873,0.0232,1.6769,0.1121,0.6469,0.8024,-0.8491,4.0,0,0.5,56,7,0.6589056397122997,track_mean,"[{""kind"":""started_moving"",""start"":6.5,""end"":11.5},{""kind"":""stopped"",""start"":11.5,""end"":14.0},{""kind"":""started_moving"",""start"":19.0,""end"":20.5}]",MATCHED
perception-yolo11s-640-c030,MEVA-G328-20180315-1555,MEVA-G328,37,TRK-AF980161191A,,vehicle_starts,116.5333,119.7667,115.5,132.0,16.5,0.3049,1.9657,0.3423,0.1266,0.3291,0.1698,0.5752,-2.2537,0,1.0,1.5,32,5,0.6096101934090257,track_mean,[],NO_STATIONARY_PRECEDING_START
perception-yolo11s-640-c030,MEVA-G328-20180315-1555,MEVA-G328,39,TRK-B9ACD6430815,,vehicle_starts,193.8333,197.0,191.0,300.0,109.0,0.009,0.2505,0.1231,0.0644,0.0855,0.0726,0.0875,-0.1651,1.333,2.5,0.5,219,7,0.7135656510041729,track_mean,[],NO_SUSTAINED_MOVEMENT
perception-yolo11s-640-c030,MEVA-G328-20180315-1555,MEVA-G328,50,TRK-E1348602105F,EVT-BAF32E885251,vehicle_starts,12.4333,16.4667,0.0,24.5,24.5,0.5713,3.3876,0.0175,1.5474,0.0175,0.4214,1.6407,-1.9295,4.0,0,0.5,50,8,0.8034888243675232,track_mean,"[{""kind"":""stopped"",""start"":4.0,""end"":6.5},{""kind"":""started_moving"",""start"":14.0,""end"":16.0}]",MATCHED
perception-yolo11s-640-c030,MEVA-G328-20180315-1555,MEVA-G328,50,TRK-8C008DEF15AB,,vehicle_starts,12.4333,16.4667,0.0,300.0,300.0,0.0204,0.1882,0.0204,0.0645,0.0204,0.0289,0.2883,-0.1897,4.0,3.5,1.5,599,8,0.6324322792345375,track_mean,[],NO_SUSTAINED_MOVEMENT
perception-yolo11s-640-c030,MEVA-G328-20180315-1555,MEVA-G328,0,TRK-E1348602105F,,vehicle_stops,0.0,2.1667,0.0,24.5,24.5,0.5713,3.3876,,0.2991,0.5582,0.3962,1.6407,-1.9295,0,0,0.5,50,5,0.8034888243675232,track_mean,"[{""kind"":""stopped"",""start"":4.0,""end"":6.5},{""kind"":""started_moving"",""start"":14.0,""end"":16.0}]",EVENT_BOUNDARY_OR_SPATIAL_MISMATCH
perception-yolo11s-640-c030,MEVA-G328-20180315-1555,MEVA-G328,2,TRK-E1348602105F,EVT-454DF0FA7B2E,vehicle_stops,4.2,6.8,0.0,24.5,24.5,0.5713,3.3876,0.2991,0.0175,0.8788,0.4657,1.6407,-1.9295,0,4.0,0.5,50,5,0.8034888243675232,track_mean,"[{""kind"":""stopped"",""start"":4.0,""end"":6.5},{""kind"":""started_moving"",""start"":14.0,""end"":16.0}]",MATCHED
perception-yolo11s-640-c030,MEVA-G328-20180315-1555,MEVA-G328,2,TRK-8C008DEF15AB,,vehicle_stops,4.2,6.8,0.0,300.0,300.0,0.0204,0.1882,0.0372,0.0,0.0204,0.033,0.2883,-0.1897,4.0,4.0,1.5,599,3,0.6324322792345375,track_mean,[],MOVEMENT_TOO_SLOW_OR_UNOBSERVED
perception-yolo11s-640-c030,MEVA-G328-20180315-1555,MEVA-G328,3,TRK-966C486FC3BC,,vehicle_stops,17.9,20.6,17.0,25.5,8.5,0.8706,1.3488,0.6811,0.8469,1.0596,0.6874,0.7409,-0.3801,0,0,0.5,18,6,0.795381979809867,track_mean,[],NO_STATIONARY_AFTER_STOP
perception-yolo11s-640-c030,MEVA-G328-20180315-1555,MEVA-G328,20,TRK-D92E896F0F38,,vehicle_stops,40.6333,43.9667,42.0,62.0,20.0,0.2443,2.1443,,0.2237,,0.2249,0.9195,-0.2671,0,0,1.5,39,4,0.6551408462035351,track_mean,[],NO_STATIONARY_AFTER_STOP
perception-yolo11s-640-c030,MEVA-G328-20180315-1555,MEVA-G328,31,TRK-3A5C90E01957,EVT-D8D87496F2DD,vehicle_stops,10.9333,13.9333,1.0,28.5,27.5,0.2193,3.3873,0.256,0.0587,0.4571,0.4757,0.8024,-0.8491,0,3.933,0.5,56,6,0.6589056397122997,track_mean,"[{""kind"":""started_moving"",""start"":6.5,""end"":11.5},{""kind"":""stopped"",""start"":11.5,""end"":14.0},{""kind"":""started_moving"",""start"":19.0,""end"":20.5}]",MATCHED
perception-yolo11s-640-c030,MEVA-G328-20180315-1555,MEVA-G328,36,TRK-AF980161191A,,vehicle_stops,113.6333,116.4667,115.5,132.0,16.5,0.3049,1.9657,,0.3291,,0.3555,0.5752,-2.2537,0,0,1.5,32,2,0.6096101934090257,track_mean,[],NO_STATIONARY_AFTER_STOP
perception-yolo11s-640-c030,MEVA-G328-20180315-1555,MEVA-G328,38,TRK-B9ACD6430815,,vehicle_stops,190.8333,193.7667,191.0,300.0,109.0,0.009,0.2505,,0.0813,0.1433,0.0995,0.0875,-0.1651,0,4.0,0.5,219,6,0.7135656510041729,track_mean,[],MOVEMENT_TOO_SLOW_OR_UNOBSERVED
perception-yolo11s-640-c030,MEVA-G328-20180315-1555,MEVA-G328,40,TRK-B9ACD6430815,,vehicle_stops,207.0667,211.2333,191.0,300.0,109.0,0.009,0.2505,0.2323,0.019,0.2485,0.1599,0.0875,-0.1651,0,4.0,0.5,219,8,0.7135656510041729,track_mean,[],MOVEMENT_TOO_SLOW_OR_UNOBSERVED
perception-yolo11s-640-c030,MEVA-G328-20180315-1555,MEVA-G328,49,TRK-3FE693D9DCEC,EVT-69838E342040,vehicle_stops,164.1667,167.5,152.5,300.0,147.5,0.0,0.4118,0.3902,0.0114,0.3752,0.1814,0.094,-0.154,0,4.0,1.0,295,7,0.8357440288794242,track_mean,"[{""kind"":""stopped"",""start"":163.5,""end"":167.0}]",MATCHED
perception-yolo11s-640-c030,MEVA-G436-20180315-1555,MEVA-G436,26,TRK-4DFC16261B9C,,vehicle_starts,141.4,146.3667,142.0,150.0,8.0,0.4734,0.8306,,0.5721,0.081,0.2304,0.1975,0.0,0,0,1.5,14,7,0.4988540496144976,track_mean,[],NO_STATIONARY_PRECEDING_START
perception-yolo11s-640-c030,MEVA-G436-20180315-1555,MEVA-G436,11,TRK-FBFC5CD8BD35,,vehicle_stops,94.8667,99.8333,68.5,101.5,33.0,0.5354,0.8657,0.7047,0.5048,0.4881,0.339,0.3139,-0.35,0,0,0.5,67,10,0.8004394956489107,track_mean,[],NO_STATIONARY_AFTER_STOP
perception-yolo11s-640-c030,MEVA-G436-20180315-1555,MEVA-G436,17,TRK-DB7DDD4F7021,,vehicle_stops,58.3667,63.3333,57.5,65.0,7.5,0.1821,0.7699,0.7699,0.1647,0.7385,0.1473,0.0697,-0.3984,0,0,1.5,14,8,0.5012968501874379,track_mean,[],NO_STATIONARY_AFTER_STOP
perception-yolo11s-640-c030,MEVA-G436-20180315-1555,MEVA-G436,25,TRK-2846A4AE5E96,,vehicle_stops,133.8,138.7667,112.0,134.5,22.5,1.5067,1.974,0.8587,,0.4918,,0.6229,-0.7253,0,0,1.5,42,2,0.6158552176895595,track_mean,[],NO_STATIONARY_AFTER_STOP
perception-yolo11n-960-c030,MEVA-G336-20180315-1555,MEVA-G336,9,TRK-55DB80D1A71C,,vehicle_starts,122.0667,125.7,124.0,125.0,1.0,1.4243,1.4243,,,,1.4243,0.0,0.0,0,0,0.5,3,3,0.4522891938686371,track_mean,[],INSUFFICIENT_TRACK_DURATION
perception-yolo11n-960-c030,MEVA-G336-20180315-1555,MEVA-G336,15,TRK-8C926B8032F6,EVT-6BFFB83E6090,vehicle_starts,85.8667,90.2,86.5,97.5,11.0,0.6333,1.401,,0.5293,0.0943,0.3203,1.002,-0.1371,0,0,0.5,23,8,0.548164735669675,track_mean,"[{""kind"":""started_moving"",""start"":88.0,""end"":89.5}]",MATCHED
perception-yolo11n-960-c030,MEVA-G336-20180315-1555,MEVA-G336,29,TRK-2211B4E8606D,,vehicle_starts,80.8,85.6333,81.0,82.0,1.0,0.1325,0.1325,,,0.1325,,0.0,0.0,0,0,0.5,3,3,0.5425704717636108,track_mean,[],INSUFFICIENT_TRACK_DURATION
perception-yolo11n-960-c030,MEVA-G424-20180315-1555,MEVA-G424,4,TRK-E8FF435B36CA,EVT-398A0CAA21C3,vehicle_starts,14.3333,16.6667,8.0,17.5,9.5,0.0135,0.6415,0.0067,0.5924,0.1618,0.6415,0.5417,-0.1323,4.0,0,0.5,20,5,0.8524312198162078,track_mean,"[{""kind"":""started_moving"",""start"":14.5,""end"":16.0}]",MATCHED
perception-yolo11n-960-c030,MEVA-G424-20180315-1555,MEVA-G424,6,TRK-3B8FE46A1AB2,,vehicle_starts,21.8,24.4333,16.0,24.5,8.5,1.137,1.6165,0.7167,1.0014,1.2896,1.4765,0.6538,-0.67,0,0,0.5,18,5,0.8910974462827047,track_mean,[],NO_STATIONARY_PRECEDING_START
perception-yolo11n-960-c030,MEVA-G424-20180315-1555,MEVA-G424,6,TRK-A1CED998B1E2,,vehicle_starts,21.8,24.4333,10.5,300.0,289.5,0.0,0.0556,0.0074,0.0137,0.0137,0.0343,0.0866,-0.0605,4.0,4.0,0.5,580,5,0.8380681631380114,track_mean,[],NO_SUSTAINED_MOVEMENT
perception-yolo11n-960-c030,MEVA-G424-20180315-1555,MEVA-G424,6,TRK-56B1370B3432,,vehicle_starts,21.8,24.4333,24.0,24.5,0.5,0.0326,0.0326,,0.0326,,,,,0,0.067,0.5,2,1,0.3772031366825104,track_mean,[],INSUFFICIENT_TRACK_DURATION
perception-yolo11n-960-c030,MEVA-G424-20180315-1555,MEVA-G424,10,TRK-312A40E3F973,,vehicle_starts,35.0333,38.2667,10.5,42.5,32.0,0.0298,1.2709,0.38,0.8137,0.5447,0.8447,0.6151,-0.447,0,0,0.5,65,6,0.8923274150261512,track_mean,"[{""kind"":""started_moving"",""start"":26.5,""end"":31.5},{""kind"":""started_moving"",""start"":30.0,""end"":31.5}]",TEMPORAL_WINDOW_MISMATCH
perception-yolo11n-960-c030,MEVA-G424-20180315-1555,MEVA-G424,17,TRK-40664B1EAFDD,,vehicle_starts,85.0,89.9,10.5,108.5,98.0,0.0179,1.2333,0.0289,0.0964,0.0799,0.0893,0.2117,-1.0737,4.0,1.1,0.5,197,10,0.6696600759695024,track_mean,"[{""kind"":""started_moving"",""start"":91.0,""end"":93.0}]",EVENT_BOUNDARY_OR_SPATIAL_MISMATCH
perception-yolo11n-960-c030,MEVA-G424-20180315-1555,MEVA-G424,29,TRK-1AA2097BD13C,,vehicle_starts,83.6333,85.3667,84.5,85.0,0.5,0.2222,0.2222,,,,0.2222,,,0,0,0.5,2,2,0.42766718566417694,track_mean,[],INSUFFICIENT_TRACK_DURATION
perception-yolo11n-960-c030,MEVA-G424-20180315-1555,MEVA-G424,31,TRK-3377B3A656D7,,vehicle_starts,87.5,89.3,87.0,88.0,1.0,0.22,0.22,,,0.22,,0.0,0.0,0,0,0.5,3,2,0.5110800862312317,track_mean,[],INSUFFICIENT_TRACK_DURATION
perception-yolo11n-960-c030,MEVA-G424-20180315-1555,MEVA-G424,41,TRK-5B86EB7B4134,,vehicle_starts,104.4667,106.8,89.5,111.0,21.5,1.4509,2.1073,0.3504,0.9388,0.3758,0.677,0.3031,-0.6319,0,0,0.5,44,5,0.7000227861783721,track_mean,[],NO_STATIONARY_PRECEDING_START
perception-yolo11n-960-c030,MEVA-G424-20180315-1555,MEVA-G424,5,TRK-3B8FE46A1AB2,,vehicle_stops,18.5333,21.7333,16.0,24.5,8.5,1.137,1.6165,1.2498,1.4531,1.0171,0.6967,0.6538,-0.67,0,0,0.5,18,6,0.8910974462827047,track_mean,[],NO_STATIONARY_AFTER_STOP
perception-yolo11n-960-c030,MEVA-G424-20180315-1555,MEVA-G424,11,TRK-F0F45EAD152D,EVT-5383C82EE0A8,vehicle_stops,165.6,168.0,162.5,300.0,137.5,0.005,1.2593,1.1983,0.0299,0.69,0.3525,0.3719,-0.391,0,4.0,0.5,276,5,0.888897440355757,track_mean,"[{""kind"":""stopped"",""start"":164.0,""end"":168.0}]",MATCHED
perception-yolo11n-960-c030,MEVA-G424-20180315-1555,MEVA-G424,12,TRK-2C3095EBA3ED,EVT-85190E89BDCB,vehicle_stops,208.7333,211.4333,207.0,300.0,93.0,0.0044,0.9619,0.767,0.0745,0.8316,0.4609,0.3898,-0.3868,0,3.933,0.5,187,5,0.627835386577137,track_mean,"[{""kind"":""stopped"",""start"":208.0,""end"":211.5}]",MATCHED
perception-yolo11n-960-c030,MEVA-G424-20180315-1555,MEVA-G424,12,TRK-1B8F7DDB8E52,,vehicle_stops,208.7333,211.4333,209.5,300.0,90.5,0.0044,0.5277,,0.0824,0.5277,0.4854,0.0583,-0.427,0,3.933,0.5,182,4,0.706058416720275,track_mean,"[{""kind"":""stopped"",""start"":209.5,""end"":211.5}]",EVENT_BOUNDARY_OR_SPATIAL_MISMATCH
perception-yolo11n-960-c030,MEVA-G424-20180315-1555,MEVA-G424,12,TRK-F0F45EAD152D,,vehicle_stops,208.7333,211.4333,162.5,300.0,137.5,0.005,1.2593,0.005,0.0355,0.0198,0.1239,0.3719,-0.391,4.0,4.0,0.5,276,5,0.888897440355757,track_mean,"[{""kind"":""stopped"",""start"":164.0,""end"":168.0}]",TEMPORAL_WINDOW_MISMATCH
perception-yolo11n-960-c030,MEVA-G424-20180315-1555,MEVA-G424,30,TRK-3377B3A656D7,,vehicle_stops,85.4333,87.4333,87.0,88.0,1.0,0.22,0.22,,0.22,,,0.0,0.0,0,0,0.5,3,1,0.5110800862312317,track_mean,[],INSUFFICIENT_TRACK_DURATION
perception-yolo11n-960-c030,MEVA-G424-20180315-1555,MEVA-G424,40,TRK-5B86EB7B4134,,vehicle_stops,101.5667,104.4,89.5,111.0,21.5,1.4509,2.1073,1.389,0.4516,0.7398,0.325,0.3031,-0.6319,0,0,0.5,44,5,0.7000227861783721,track_mean,[],NO_STATIONARY_AFTER_STOP
perception-yolo11n-960-c030,MEVA-G328-20180315-1555,MEVA-G328,1,TRK-943C98B05398,,vehicle_starts,2.4333,4.1333,0.0,24.5,24.5,0.4925,3.3188,0.39,0.8787,0.246,0.5801,1.4673,-1.8245,0,1.633,0.5,50,4,0.7714918994903565,track_mean,"[{""kind"":""stopped"",""start"":4.0,""end"":6.5},{""kind"":""started_moving"",""start"":14.0,""end"":15.5}]",TEMPORAL_WINDOW_MISMATCH
perception-yolo11n-960-c030,MEVA-G328-20180315-1555,MEVA-G328,4,TRK-7F536201E532,,vehicle_starts,20.6333,22.6667,17.0,26.0,9.0,0.8792,1.3323,0.7672,1.3253,0.7751,1.1282,0.8257,-0.6773,0,0,0.5,19,4,0.7578458315447757,track_mean,[],NO_STATIONARY_PRECEDING_START
perception-yolo11n-960-c030,MEVA-G328-20180315-1555,MEVA-G328,8,TRK-C4A15C8ED5F6,,vehicle_starts,34.1,37.0333,0.0,39.5,39.5,0.0096,1.205,0.4068,1.1859,0.1538,0.9808,0.654,-0.3451,0.4,0,0.5,80,6,0.8387563414871693,track_mean,"[{""kind"":""started_moving"",""start"":30.5,""end"":32.0}]",TEMPORAL_WINDOW_MISMATCH
perception-yolo11n-960-c030,MEVA-G328-20180315-1555,MEVA-G328,14,TRK-0EB69DD998B7,,vehicle_starts,48.5667,51.4,0.0,57.5,57.5,0.0106,1.3659,0.2929,1.2184,0.1847,0.671,0.4443,-0.2483,0.933,0,0.5,116,5,0.8370258648847712,track_mean,"[{""kind"":""started_moving"",""start"":45.5,""end"":47.5}]",EVENT_BOUNDARY_OR_SPATIAL_MISMATCH
perception-yolo11n-960-c030,MEVA-G328-20180315-1555,MEVA-G328,21,TRK-A7AD89446585,,vehicle_starts,44.1,47.2333,41.0,62.5,21.5,0.2738,2.6118,0.2286,0.1443,0.2293,0.2278,1.0356,-0.2719,0,0,1.0,42,5,0.608030243288903,track_mean,[],NO_STATIONARY_PRECEDING_START
perception-yolo11n-960-c030,MEVA-G328-20180315-1555,MEVA-G328,26,TRK-CC7E5EB5B3E9,,vehicle_starts,110.1667,112.9333,109.0,117.0,8.0,0.5385,1.0261,0.5359,0.9819,0.4889,0.4889,0.3633,-0.3642,0,0,1.0,16,4,0.5506523381918669,track_mean,[],NO_STATIONARY_PRECEDING_START
perception-yolo11n-960-c030,MEVA-G328-20180315-1555,MEVA-G328,32,TRK-E571DA088C2F,EVT-8F42080DA6B1,vehicle_starts,18.1667,21.7,4.5,28.5,24.0,0.3752,3.3163,0.0571,1.6408,0.1536,0.6754,0.9423,-0.8574,4.0,0,1.0,48,7,0.6793792359530926,track_mean,"[{""kind"":""started_moving"",""start"":6.5,""end"":11.0},{""kind"":""stopped"",""start"":11.5,""end"":14.0},{""kind"":""started_moving"",""start"":18.5,""end"":20.5}]",MATCHED
perception-yolo11n-960-c030,MEVA-G328-20180315-1555,MEVA-G328,35,TRK-068B08CBF849,,vehicle_starts,89.9,93.2333,89.5,91.0,1.5,0.4277,0.5337,,,0.4277,,0.3675,0.2121,0,0,0.5,4,3,0.4737584516406059,track_mean,[],INSUFFICIENT_TRACK_DURATION
perception-yolo11n-960-c030,MEVA-G328-20180315-1555,MEVA-G328,37,TRK-02F37AA0ED5F,,vehicle_starts,116.5333,119.7667,116.0,131.5,15.5,0.2712,1.9941,0.3379,0.1118,0.2574,0.2007,0.7493,-1.0699,0,1.0,1.5,29,4,0.5802895652836767,track_mean,[],NO_STATIONARY_PRECEDING_START
perception-yolo11n-960-c030,MEVA-G328-20180315-1555,MEVA-G328,39,TRK-EC2B98C11A0D,,vehicle_starts,193.8333,197.0,191.0,195.0,4.0,0.4081,0.5405,0.3437,,0.4169,,0.2096,-0.2952,0,0,0.5,9,3,0.4420507384671105,track_mean,[],NO_STATIONARY_PRECEDING_START
perception-yolo11n-960-c030,MEVA-G328-20180315-1555,MEVA-G328,50,TRK-943C98B05398,EVT-7DAE07E9260B,vehicle_starts,12.4333,16.4667,0.0,24.5,24.5,0.4925,3.3188,0.0175,1.5279,0.0175,0.4476,1.4673,-1.8245,4.0,0,0.5,50,8,0.7714918994903565,track_mean,"[{""kind"":""stopped"",""start"":4.0,""end"":6.5},{""kind"":""started_moving"",""start"":14.0,""end"":15.5}]",MATCHED
perception-yolo11n-960-c030,MEVA-G328-20180315-1555,MEVA-G328,50,TRK-F11FC2646AB4,,vehicle_starts,12.4333,16.4667,0.0,19.5,19.5,0.0227,0.1455,0.0274,0.0227,0.0321,0.0,0.2008,-0.1634,4.0,3.033,0.5,40,8,0.47119908928871157,track_mean,[],NO_SUSTAINED_MOVEMENT
perception-yolo11n-960-c030,MEVA-G328-20180315-1555,MEVA-G328,50,TRK-43DC10C193E4,,vehicle_starts,12.4333,16.4667,6.0,21.5,15.5,0.0335,0.1315,0.0196,0.0415,0.0138,0.0196,0.1521,-0.1454,3.433,4.0,1.5,29,7,0.4129786039220876,track_mean,[],NO_SUSTAINED_MOVEMENT
perception-yolo11n-960-c030,MEVA-G328-20180315-1555,MEVA-G328,55,TRK-0969A2950A07,,vehicle_starts,145.6,147.4667,146.5,147.0,0.5,0.0417,0.0417,,,,0.0417,,,0,0,0.5,2,2,0.34861166775226593,track_mean,[],INSUFFICIENT_TRACK_DURATION
perception-yolo11n-960-c030,MEVA-G328-20180315-1555,MEVA-G328,58,TRK-63D804E4EB54,,vehicle_starts,0.0,0.9667,0.0,2.5,2.5,0.2829,0.3138,,0.2829,,0.2993,0.1168,-0.0549,0,0,0.5,6,2,0.49245819449424744,track_mean,[],INSUFFICIENT_TRACK_DURATION
perception-yolo11n-960-c030,MEVA-G328-20180315-1555,MEVA-G328,0,TRK-943C98B05398,,vehicle_stops,0.0,2.1667,0.0,24.5,24.5,0.4925,3.3188,,0.3248,0.4642,0.3081,1.4673,-1.8245,0,0,0.5,50,5,0.7714918994903565,track_mean,"[{""kind"":""stopped"",""start"":4.0,""end"":6.5},{""kind"":""started_moving"",""start"":14.0,""end"":15.5}]",EVENT_BOUNDARY_OR_SPATIAL_MISMATCH
perception-yolo11n-960-c030,MEVA-G328-20180315-1555,MEVA-G328,2,TRK-943C98B05398,EVT-F0F780E3AC43,vehicle_stops,4.2,6.8,0.0,24.5,24.5,0.4925,3.3188,0.3248,0.0175,0.9138,0.3877,1.4673,-1.8245,0,4.0,0.5,50,5,0.7714918994903565,track_mean,"[{""kind"":""stopped"",""start"":4.0,""end"":6.5},{""kind"":""started_moving"",""start"":14.0,""end"":15.5}]",MATCHED
perception-yolo11n-960-c030,MEVA-G328-20180315-1555,MEVA-G328,2,TRK-F11FC2646AB4,,vehicle_stops,4.2,6.8,0.0,19.5,19.5,0.0227,0.1455,0.0367,0.0227,0.0937,0.0696,0.2008,-0.1634,3.0,4.0,0.5,40,5,0.47119908928871157,track_mean,[],MOVEMENT_TOO_SLOW_OR_UNOBSERVED
perception-yolo11n-960-c030,MEVA-G328-20180315-1555,MEVA-G328,2,TRK-43DC10C193E4,,vehicle_stops,4.2,6.8,6.0,21.5,15.5,0.0335,0.1315,,0.0376,,0.0237,0.1521,-0.1454,0,3.0,1.5,29,2,0.4129786039220876,track_mean,[],MOVEMENT_TOO_SLOW_OR_UNOBSERVED
perception-yolo11n-960-c030,MEVA-G328-20180315-1555,MEVA-G328,3,TRK-7F536201E532,,vehicle_stops,17.9,20.6,17.0,26.0,9.0,0.8792,1.3323,0.6858,0.9393,1.136,0.6647,0.8257,-0.6773,0,0,0.5,19,6,0.7578458315447757,track_mean,[],NO_STATIONARY_AFTER_STOP
perception-yolo11n-960-c030,MEVA-G328-20180315-1555,MEVA-G328,20,TRK-A7AD89446585,,vehicle_stops,40.6333,43.9667,41.0,62.5,21.5,0.2738,2.6118,,0.2191,0.3016,0.2293,1.0356,-0.2719,0,0,1.0,42,6,0.608030243288903,track_mean,[],NO_STATIONARY_AFTER_STOP
perception-yolo11n-960-c030,MEVA-G328-20180315-1555,MEVA-G328,25,TRK-CC7E5EB5B3E9,,vehicle_stops,107.7667,110.0667,109.0,117.0,8.0,0.5385,1.0261,,0.4889,,0.5359,0.3633,-0.3642,0,0,1.0,16,3,0.5506523381918669,track_mean,[],NO_STATIONARY_AFTER_STOP
perception-yolo11n-960-c030,MEVA-G328-20180315-1555,MEVA-G328,31,TRK-E571DA088C2F,EVT-37EFD05B4B6F,vehicle_stops,10.9333,13.9333,4.5,28.5,24.0,0.3752,3.3163,0.2099,0.0365,0.4819,0.4856,0.9423,-0.8574,0,3.933,1.0,48,6,0.6793792359530926,track_mean,"[{""kind"":""started_moving"",""start"":6.5,""end"":11.0},{""kind"":""stopped"",""start"":11.5,""end"":14.0},{""kind"":""started_moving"",""start"":18.5,""end"":20.5}]",MATCHED
perception-yolo11n-960-c030,MEVA-G328-20180315-1555,MEVA-G328,36,TRK-02F37AA0ED5F,,vehicle_stops,113.6333,116.4667,116.0,131.5,15.5,0.2712,1.9941,,0.2912,,,0.7493,-1.0699,0,0,1.5,29,1,0.5802895652836767,track_mean,[],NO_STATIONARY_AFTER_STOP
perception-yolo11n-960-c030,MEVA-G328-20180315-1555,MEVA-G328,38,TRK-EC2B98C11A0D,,vehicle_stops,190.8333,193.7667,191.0,195.0,4.0,0.4081,0.5405,,0.4169,0.5405,0.2945,0.2096,-0.2952,0,0,0.5,9,6,0.4420507384671105,track_mean,[],NO_STATIONARY_AFTER_STOP
perception-yolo11n-960-c030,MEVA-G328-20180315-1555,MEVA-G328,40,TRK-F4B15A7DFD70,,vehicle_stops,207.0667,211.2333,198.5,300.0,101.5,0.0,0.2661,0.2394,0.029,0.2653,0.1528,0.0822,-0.1297,0,4.0,0.5,204,8,0.7872109037696147,track_mean,[],MOVEMENT_TOO_SLOW_OR_UNOBSERVED
perception-yolo11n-960-c030,MEVA-G328-20180315-1555,MEVA-G328,49,TRK-CF7ECDBED1BF,EVT-C28A617A8888,vehicle_stops,164.1667,167.5,161.0,300.0,139.0,0.0114,0.4181,0.4022,0.0161,0.3752,0.1678,0.1036,-0.1682,0,4.0,0.5,279,7,0.8770105984048604,track_mean,"[{""kind"":""stopped"",""start"":163.5,""end"":167.0}]",MATCHED
perception-yolo11n-960-c030,MEVA-G436-20180315-1555,MEVA-G436,26,TRK-9F588D34F2B0,,vehicle_starts,141.4,146.3667,142.5,150.5,8.0,0.4166,0.7545,,0.5753,0.0698,0.2481,0.3186,0.0,0,0,1.0,14,7,0.45288259216717314,track_mean,[],NO_STATIONARY_PRECEDING_START
perception-yolo11n-960-c030,MEVA-G436-20180315-1555,MEVA-G436,11,TRK-232555D0EB16,,vehicle_stops,94.8667,99.8333,68.5,101.5,33.0,0.5875,0.9035,0.7279,0.5001,0.4502,0.3427,0.5999,-0.3391,0,0,0.5,67,10,0.792053167499713,track_mean,[],NO_STATIONARY_AFTER_STOP
perception-yolo11n-960-c030,MEVA-G436-20180315-1555,MEVA-G436,17,TRK-071E426F15F4,,vehicle_stops,58.3667,63.3333,61.0,61.5,0.5,0.0534,0.0534,,,,0.0534,,,0,0,0.5,2,2,0.3959752172231674,track_mean,[],INSUFFICIENT_TRACK_DURATION
perception-yolo11n-960-c030,MEVA-G436-20180315-1555,MEVA-G436,25,TRK-088B25D62DC2,,vehicle_stops,133.8,138.7667,120.0,134.5,14.5,1.5789,1.9481,0.7411,,0.483,,0.3107,-0.4231,0,0,0.5,30,2,0.6053040613730748,track_mean,[],NO_STATIONARY_AFTER_STOP
